"Name","Type","Cat.","Power","Acc.","PP","TM","Effect","Prob. (%)"
"10.000.000 Volt Thunderbolt","ELECTRIC","","195","—","1","","Pikachu-exclusive Z-Move. High critical hit ratio.","—"
"Acid Downpour","POISON","—","—","—","1","","Poison type Z-Move.","—"
"All-Out Pummeling","FIGHTING","—","—","—","1","","Fighting type Z-Move.","—"
"Black Hole Eclipse","DARK","—","—","—","1","","Dark type Z-Move.","—"
"Bloom Doom","GRASS","—","—","—","1","","Grass type Z-Move.","—"
"Breakneck Blitz","NORMAL","—","—","—","1","","Normal type Z-Move.","—"
"Catastropika","ELECTRIC","","210","—","1","","Pikachu-exclusive Z-Move.","—"
"Clangorous Soulblaze","DRAGON","","185","—","1","","Kommo-o exclusive Z-Move.","—"
"Continental Crush","ROCK","—","—","—","1","","Rock type Z-Move.","—"
"Corkscrew Crash","STEEL","—","—","—","1","","Steel type Z-Move.","—"
"Devastating Drake","DRAGON","—","—","—","1","","Dragon type Z-Move.","—"
"Extreme Evoboost","NORMAL","","—","—","1","","Eevee-exclusive Z-Move. Sharply raises all stats.","100"
"Genesis Supernova","PSYCHIC","","185","—","1","","Mew-exclusive Z-Move.","—"
"Gigavolt Havoc","ELECTRIC","—","—","—","1","","Electric type Z-Move.","—"
"Guardian of Alola","FAIRY","","—","—","1","","Tapu-exclusive Z-move. Cuts opponent's HP by 75%.","—"
"Hydro Vortex","WATER","—","—","—","1","","Water type Z-Move.","—"
"Inferno Overdrive","FIRE","—","—","—","1","","Fire type Z-Move.","—"
"Let's Snuggle Forever","FAIRY","","190","—","1","","Mimikyu-exclusive Z-Move.","—"
"Light That Burns the Sky","PSYCHIC","","200","—","1","","Ultra Necrozma-exclusive Z-Move. Ignores target's ability; uses highest Attack stat.","—"
"Malicious Moonsault","DARK","","180","—","1","","Incineroar-exclusive Z-Move.","—"
"Menacing Moonraze Maelstrom","GHOST","","200","—","1","","Lunala-exclusive Z-Move.","—"
"Never-Ending Nightmare","GHOST","—","—","—","1","","Ghost type Z-Move.","—"
"Oceanic Operetta","WATER","","195","—","1","","Primarina-exclusive Z-Move.","—"
"Pulverizing Pancake","NORMAL","","210","—","1","","Snorlax-exclusive Normal type Z-Move.","—"
"Revival Blessing","NORMAL","","—","—","1","","Revives a fainted party Pokémon to half HP.","—"
"Savage Spin-Out","BUG","—","—","—","1","","Bug type Z-Move.","—"
"Searing Sunraze Smash","STEEL","","200","—","1","","Solgaleo-exclusive Z-Move.","—"
"Shattered Psyche","PSYCHIC","—","—","—","1","","Psychic type Z-Move.","—"
"Sinister Arrow Raid","GHOST","","180","—","1","","Decidueye-exclusive Z-Move.","—"
"Sketch","NORMAL","","—","—","1","","Permanently copies the opponent's last move.","—"
"Soul-Stealing 7-Star Strike","GHOST","","195","—","1","","Marshadow-exclusive Z-Move.","—"
"Splintered Stormshards","ROCK","","190","—","1","","Lycanroc-exclusive Z-Move.","—"
"Stoked Sparksurfer","ELECTRIC","","175","—","1","","Alolan Raichu-exclusive Electric type Z-Move.","100"
"Subzero Slammer","ICE","—","—","—","1","","Ice type Z-Move.","—"
"Supersonic Skystrike","FLYING","—","—","—","1","","Flying type Z-Move.","—"
"Tectonic Rage","GROUND","—","—","—","1","","Ground type Z-Move.","—"
"Twinkle Tackle","FAIRY","—","—","—","1","","Fairy type Z-Move.","—"
"Aeroblast","FLYING","","100","95","5","","High critical hit ratio.","—"
"Ancient Power","ROCK","","60","100","5","","May raise all user's stats at once.","10"
"Armor Cannon","FIRE","","120","100","5","","Lowers user's Defense and Special Defense.","—"
"Aromatherapy","GRASS","","—","—","5","","Cures all status problems in your party.","—"
"Astral Barrage","GHOST","","120","100","5","","The user attacks by sending a frightful amount of small ghosts at opposing Pokémon.","—"
"Behemoth Bash","STEEL","","100","100","5","","Damage doubles if target is Dynamaxed.","—"
"Behemoth Blade","STEEL","","100","100","5","","Damage doubles if target is Dynamaxed.","—"
"Blast Burn","FIRE","","150","90","5","TM153","User must recharge next turn.","—"
"Blizzard","ICE","","110","70","5","TM143","May freeze opponent.","10"
"Block","NORMAL","","—","—","5","","Opponent cannot flee or switch.","—"
"Blue Flare","FIRE","","130","85","5","","May burn opponent.","20"
"Bolt Strike","ELECTRIC","","130","85","5","","May paralyze opponent.","20"
"Bounce","FLYING","","85","85","5","","Springs up on first turn, attacks on second. May paralyze opponent.","30"
"Burn Up","FIRE","","130","100","5","","To inflict massive damage, the user burns itself out. After using this move, the user will no longer be Fire type.","—"
"Burning Jealousy","FIRE","","70","100","5","","Hits all opponents, and burns any that have had their stats boosted.","—"
"Chloroblast","GRASS","","150","95","5","","User receives recoil damage.","—"
"Clanging Scales","DRAGON","","110","100","5","","Lowers user's Defense.","100"
"Clangorous Soul","DRAGON","","—","100","5","","Raises all user's stats but loses HP.","100"
"Close Combat","FIGHTING","","120","100","5","TM167","Lowers user's Defense and Special Defense.","100"
"Collision Course","FIGHTING","","100","100","5","","Boosted even more if it's super-effective.","—"
"Cross Chop","FIGHTING","","100","80","5","","High critical hit ratio.","—"
"Crush Grip","NORMAL","","—","100","5","","More powerful when opponent has higher HP.","—"
"Destiny Bond","GHOST","","—","—","5","","If the user faints, the opponent also faints.","—"
"Detect","FIGHTING","","—","—","5","","Protects the user, but may fail if used consecutively.","—"
"Diamond Storm","ROCK","","100","95","5","","May sharply raise user's Defense.","50"
"Doom Desire","STEEL","","140","100","5","","Damage occurs 2 turns later.","—"
"Double Iron Bash","STEEL","","60","100","5","","Hits twice in one turn; may cause flinching.","30"
"Double Shock","ELECTRIC","","120","100","5","","After using this move, the user will no longer be Electric type.","—"
"Draco Meteor","DRAGON","","130","90","5","TM169","Sharply lowers user's Special Attack.","100"
"Dragon Ascent","FLYING","","120","100","5","","Lowers user's Defense and Special Defense.","100"
"Dragon Energy","DRAGON","","150","100","5","","The higher the user's HP, the higher the power.","—"
"Dynamax Cannon","DRAGON","","100","100","5","","Damage doubles if opponent is Dynamaxed.","—"
"Dynamic Punch","FIGHTING","","100","50","5","","Confuses opponent.","100"
"Eerie Spell","PSYCHIC","","80","100","5","","Deals damage and reduces opponent's PP.","—"
"Electro Drift","ELECTRIC","","100","100","5","","Boosted even more if it's super-effective.","—"
"Encore","NORMAL","","—","100","5","TM122","Forces opponent to keep using its last move for 3 turns.","—"
"Endeavor","NORMAL","","—","100","5","","Reduces opponent's HP to same as user's.","—"
"Eruption","FIRE","","150","100","5","","Stronger when the user's HP is higher.","—"
"Eternabeam","DRAGON","","160","90","5","","User can't move on the next turn.","—"
"Explosion","NORMAL","","250","100","5","","User faints.","—"
"Extreme Speed","NORMAL","","80","100","5","","User attacks first.","—"
"Final Gambit","FIGHTING","","—","100","5","","Inflicts damage equal to the user's remaining HP. User faints.","—"
"Fire Blast","FIRE","","110","85","5","TM141","May burn opponent.","10"
"Fissure","GROUND","","—","30","5","","One-Hit-KO, if it hits.","—"
"Fleur Cannon","FAIRY","","130","90","5","","Sharply lowers user's Special Attack.","100"
"Focus Blast","FIGHTING","","120","70","5","TM158","May lower opponent's Special Defense.","10"
"Freeze Shock","ICE","","140","90","5","","Charges on first turn, attacks on second. May paralyze opponent.","30"
"Frenzy Plant","GRASS","","150","90","5","TM155","User must recharge next turn.","—"
"Fusion Bolt","ELECTRIC","","100","100","5","","Power increases if Fusion Flare is used in the same turn.","—"
"Fusion Flare","FIRE","","100","100","5","","Power increases if Fusion Bolt is used in the same turn.","—"
"G-Max Befuddle","BUG","—","—","∞","5","","Butterfree-exclusive G-Max Move. Poisons, paralyzes, or puts opponent to sleep.","100"
"G-Max Centiferno","FIRE","—","—","∞","5","","Centiskorch-exclusive G-Max Move. Traps opponents for 4-5 turns.","100"
"G-Max Chi Strike","FIGHTING","—","—","∞","5","","Machamp-exclusive G-Max Move. Increases critical hit ratio.","—"
"G-Max Cuddle","NORMAL","—","—","∞","5","","Eevee-exclusive G-Max Move. Infatuates opponents.","100"
"G-Max Depletion","DRAGON","—","—","∞","5","","Duraludon-exclusive G-Max Move. Reduces opponent's PP.","—"
"G-Max Drum Solo","GRASS","—","—","∞","5","","Rillaboom-exclusive G-Max Move. Ignores target's ability.","—"
"G-Max Finale","FAIRY","—","—","∞","5","","Alcremie-exclusive G-Max Move. Heals the user's team.","—"
"G-Max Fireball","FIRE","—","—","∞","5","","Cinderace-exclusive G-Max Move. Ignores target's ability.","—"
"G-Max Foam Burst","WATER","—","—","∞","5","","Kingler-exclusive G-Max Move. Harshly lowers opponents' Speed.","100"
"G-Max Gold Rush","NORMAL","—","—","∞","5","","Meowth-exclusive G-Max Move. Confuses opponents and earns more money.","100"
"G-Max Gravitas","PSYCHIC","—","—","∞","5","","Orbeetle-exclusive G-Max Move. Summons Gravity for 5 turns.","—"
"G-Max Hydrosnipe","WATER","—","—","∞","5","","Inteleon-exclusive G-Max Move. Ignores target's ability.","—"
"G-Max Malodor","POISON","—","—","∞","5","","Garbodor-exclusive G-Max Move. Poisons opponents.","100"
"G-Max Meltdown","STEEL","—","—","∞","5","","Melmetal-exclusive G-Max Move. Prevents opponents using the same move twice in a row.","—"
"G-Max One Blow","DARK","—","—","∞","5","","Urshifu Single-Strike Style-exclusive G-Max Move. Strikes through Max Guard and Protect.","—"
"G-Max Rapid Flow","WATER","—","—","∞","5","","Urshifu Rapid-Strike Style-exclusive G-Max Move. Strikes through Max Guard and Protect.","—"
"G-Max Replenish","NORMAL","—","—","∞","5","","Snorlax-exclusive G-Max Move. Recycles Berries.","—"
"G-Max Resonance","ICE","—","—","∞","5","","Lapras-exclusive G-Max Move. Reduces damage for 5 turns.","—"
"G-Max Sandblast","GROUND","—","—","∞","5","","Sandaconda-exclusive G-Max Move. Traps opponents for 4-5 turns.","100"
"G-Max Smite","FAIRY","—","—","∞","5","","Hatterene-exclusive G-Max Move. Confuses opponents.","100"
"G-Max Snooze","DARK","—","—","∞","5","","Grimmsnarl-exclusive G-Max Move. Makes opponents drowsy.","—"
"G-Max Steelsurge","STEEL","—","—","∞","5","","Copperajah-exclusive G-Max Move. Sets up Spikes on the field.","—"
"G-Max Stonesurge","WATER","—","—","∞","5","","Drednaw-exclusive G-Max Move. Sets up Stealth Rock.","—"
"Giga Impact","NORMAL","","150","90","5","TM152","User must recharge next turn.","—"
"Gigaton Hammer","STEEL","","160","100","5","","Cannot be used twice in a row.","—"
"Glacial Lance","ICE","","120","100","5","","The user attacks by hurling a blizzard-cloaked icicle lance at opposing Pokémon.","—"
"Glaive Rush","DRAGON","","120","100","5","","Attacks from opposing Pokémon during the next turn cannot miss and will inflict double damage.","—"
"Gravity","PSYCHIC","","—","—","5","","Prevents moves like Fly and Bounce and the Ability Levitate for 5 turns.","—"
"Grudge","GHOST","","—","—","5","","If the users faints after using this move, the PP for the opponent's last move is depleted.","—"
"Guillotine","NORMAL","","—","30","5","","One-Hit-KO, if it hits.","—"
"Gunk Shot","POISON","","120","80","5","TM102","May poison opponent.","30"
"Gyro Ball","STEEL","","—","100","5","","The slower the user, the stronger the attack.","—"
"Head Smash","ROCK","","150","80","5","","User receives recoil damage.","—"
"Headlong Rush","GROUND","","120","100","5","","Lowers user's Defense.","—"
"Heal Bell","NORMAL","","—","—","5","","Heals the user's party's status conditions.","—"
"Horn Drill","NORMAL","","—","30","5","","One-Hit-KO, if it hits.","—"
"Hydro Cannon","WATER","","150","90","5","TM154","User must recharge next turn.","—"
"Hydro Pump","WATER","","110","80","5","TM142","","—"
"Hyper Beam","NORMAL","","150","90","5","TM163","User must recharge next turn.","—"
"Hyper Drill","NORMAL","","100","100","5","","Can strike through Protect/Detect.","—"
"Hyperspace Fury","DARK","","100","∞","5","","Lowers user's Defense. Can strike through Protect/Detect.","100"
"Hyperspace Hole","PSYCHIC","","80","∞","5","","Can strike through Protect/Detect.","—"
"Ice Burn","ICE","","140","90","5","","Charges on first turn, attacks on second. May burn opponent.","30"
"Inferno","FIRE","","100","50","5","","Burns opponent.","100"
"Lash Out","DARK","","75","100","5","","Double power if stats were lowered during the turn.","—"
"Last Resort","NORMAL","","140","100","5","","Can only be used after all other moves are used.","—"
"Leaf Storm","GRASS","","130","90","5","TM159","Sharply lowers user's Special Attack.","100"
"Light of Ruin","FAIRY","","140","90","5","","User receives recoil damage.","—"
"Lock-On","NORMAL","","—","—","5","","User's next attack is guaranteed to hit.","—"
"Lunar Blessing","PSYCHIC","","—","—","5","","Heals user's status conditions and recovers HP.","—"
"Luster Purge","PSYCHIC","","70","100","5","","May lower opponent's Special Defense.","50"
"Magma Storm","FIRE","","100","75","5","","Traps opponent, damaging them for 4-5 turns.","100"
"Make It Rain","STEEL","","120","100","5","","Lowers user's Special Attack. Money is earned after the battle.","—"
"Mean Look","NORMAL","","—","—","5","","Opponent cannot flee or switch.","—"
"Mega Kick","NORMAL","","120","75","5","","","—"
"Meteor Assault","FIGHTING","","150","100","5","","User must recharge next turn.","—"
"Milk Drink","NORMAL","","—","—","5","","User recovers half its max HP.","—"
"Mind Blown","FIRE","","150","100","5","","User receives recoil damage.","—"
"Mind Reader","NORMAL","","—","—","5","","User's next attack is guaranteed to hit.","—"
"Mist Ball","PSYCHIC","","70","100","5","","May lower opponent's Special Attack.","50"
"Misty Explosion","FAIRY","","100","100","5","","Power increases on Misty Terrain.","—"
"Moongeist Beam","GHOST","","100","100","5","","Ignores the target's ability.","—"
"Moonlight","FAIRY","","—","—","5","","User recovers HP. Amount varies with the weather.","—"
"Morning Sun","NORMAL","","—","—","5","","User recovers HP. Amount varies with the weather.","—"
"No Retreat","FIGHTING","","—","—","5","","Raises all stats but user cannot switch out.","100"
"Ominous Wind","GHOST","","60","100","5","","May raise all user's stats at once.","10"
"Overheat","FIRE","","130","90","5","TM157","Sharply lowers user's Special Attack.","100"
"Perish Song","NORMAL","","—","—","5","","Any Pokémon in play when this attack is used faints in 3 turns.","—"
"Photon Geyser","PSYCHIC","","100","100","5","","Uses Attack or Special Attack stat, whichever is higher.","—"
"Poltergeist","GHOST","","110","90","5","","Fails if the target doesn’t have an item.","—"
"Psycho Boost","PSYCHIC","","140","90","5","","Sharply lowers user's Special Attack.","100"
"Punishment","DARK","","—","100","5","","Power increases when opponent's stats have been raised.","—"
"Pyro Ball","FIRE","","120","90","5","","May burn opponent.","10"
"Rain Dance","WATER","","—","—","5","TM50","Makes it rain for 5 turns.","—"
"Recover","NORMAL","","—","—","5","","User recovers half its max HP.","—"
"Rest","PSYCHIC","","—","—","5","TM85","User sleeps for 2 turns, but user is fully healed.","—"
"Retaliate","NORMAL","","70","100","5","","Inflicts double damage if a teammate fainted on the last turn.","—"
"Roar of Time","DRAGON","","150","90","5","","User must recharge next turn.","—"
"Rock Wrecker","ROCK","","150","90","5","","User must recharge next turn.","—"
"Roost","FLYING","","—","—","5","","User recovers half of its max HP and loses the Flying type temporarily.","—"
"Sacred Fire","FIRE","","100","95","5","","May burn opponent.","50"
"Searing Shot","FIRE","","100","100","5","","May burn opponent.","30"
"Seed Flare","GRASS","","120","85","5","","May lower opponent's Special Defense.","40"
"Self-Destruct","NORMAL","","200","100","5","","User faints.","—"
"Shadow Force","GHOST","","120","100","5","","Disappears on first turn, attacks on second. Can strike through Protect/Detect.","—"
"Sheer Cold","ICE","","—","30","5","","One-Hit-KO, if it hits.","—"
"Shell Trap","FIRE","","150","100","5","","Deals more damage to opponent if hit by a Physical move.","—"
"Shore Up","GROUND","","—","—","5","","The user regains up to half of its max HP. It restores more HP in a sandstorm.","—"
"Silver Wind","BUG","","60","100","5","","May raise all stats of user at once.","10"
"Sky Attack","FLYING","","140","90","5","","Charges on first turn, attacks on second. May cause flinching. High critical hit ratio.","30"
"Slack Off","NORMAL","","—","—","5","","User recovers half its max HP.","—"
"Soft-Boiled","NORMAL","","—","—","5","","User recovers half its max HP.","—"
"Spacial Rend","DRAGON","","100","95","5","","High critical hit ratio.","—"
"Spin Out","STEEL","","100","100","5","","Harshly lowers user’s Speed.","—"
"Springtide Storm","FAIRY","","100","80","5","","Boosts user's stats in Incarnate Forme, or lowers opponent's stats in Therian Forme.","—"
"Steam Eruption","WATER","","110","95","5","","May burn opponent.","30"
"Steel Beam","STEEL","","140","95","5","TM170","User loses 50% of its HP.","—"
"Steel Roller","STEEL","","130","100","5","","Fails if no Terrain in effect.","—"
"Stone Edge","ROCK","","100","80","5","TM150","High critical hit ratio.","—"
"Sucker Punch","DARK","","70","100","5","","User attacks first, but only works if opponent is readying an attack.","—"
"Sunny Day","FIRE","","—","—","5","TM49","Makes it sunny for 5 turns.","—"
"Sunsteel Strike","STEEL","","100","100","5","","Ignores the target's ability.","—"
"Superpower","FIGHTING","","120","100","5","","Lowers user's Attack and Defense.","100"
"Surging Strikes","WATER","","25","100","5","","Always results in a critical hit and ignores stat changes.","—"
"Synthesis","GRASS","","—","—","5","","User recovers HP. Amount varies with the weather.","—"
"Techno Blast","NORMAL","","120","100","5","","Type depends on the Drive being held.","—"
"Trick Room","PSYCHIC","","—","—","5","TM161","Slower Pokémon move first in the turn for 5 turns.","—"
"Trump Card","NORMAL","","—","∞","5","","The lower the PP, the higher the power.","—"
"V-create","FIRE","","180","95","5","","Lowers user's Defense, Special Defense and Speed.","100"
"Water Spout","WATER","","150","100","5","","The higher the user's HP, the higher the damage caused.","—"
"Wicked Blow","DARK","","75","100","5","","Always results in a critical hit and ignores stat changes.","—"
"Wring Out","NORMAL","","—","100","5","","The higher the opponent's HP, the higher the damage.","—"
"Zap Cannon","ELECTRIC","","120","50","5","","Paralyzes opponent.","100"
"Apple Acid","GRASS","","80","100","10","","Lowers target's Special Defense.","100"
"Aqua Step","WATER","","80","100","10","","Raises user's Speed.","100"
"Aqua Tail","WATER","","90","90","10","","","—"
"Assurance","DARK","","60","100","10","","Power doubles if opponent already took damage in the same turn.","—"
"Aura Wheel","ELECTRIC","","110","100","10","","Changes type based on Morpeko's Mode.","100"
"Avalanche","ICE","","60","100","10","TM46","Power doubles if user took damage first.","—"
"Axe Kick","FIGHTING","","120","90","10","","May confuse opponent. If it misses, the user loses HP.","—"
"Baneful Bunker","POISON","","—","—","10","","Protects the user and poisons opponent on contact.","—"
"Barb Barrage","POISON","","60","100","10","","Inflicts double damage if the target has a status condition.","—"
"Beat Up","DARK","","—","100","10","","Each Pokémon in user's party attacks.","—"
"Belch","POISON","","120","90","10","","User must have consumed a Berry.","—"
"Belly Drum","NORMAL","","—","—","10","","User loses 50% of its max HP, but Attack raises to maximum.","—"
"Bide","NORMAL","","—","—","10","","User takes damage for two turns then strikes back double.","—"
"Bitter Blade","FIRE","","90","100","10","","User recovers half the HP inflicted on opponent.","—"
"Bitter Malice","GHOST","","75","100","10","","Inflicts double damage if the target has a status condition.","—"
"Blaze Kick","FIRE","","85","90","10","","High critical hit ratio. May burn opponent.","10"
"Blazing Torque","FIRE","","80","100","10","","","—"
"Bleakwind Storm","FLYING","","100","80","10","","May cause frostbite.","—"
"Body Press","FIGHTING","","80","100","10","TM89","The higher the user's Defense, the stronger the attack.","—"
"Bolt Beak","ELECTRIC","","85","100","10","","If the user attacks before the target, the power of this move is doubled.","—"
"Bone Rush","GROUND","","25","90","10","","Hits 2-5 times in one turn.","—"
"Bonemerang","GROUND","","50","90","10","","Hits twice in one turn.","—"
"Boomburst","NORMAL","","140","100","10","","Hits all adjacent Pokémon.","—"
"Brine","WATER","","65","100","10","","Power doubles if opponent's HP is less than 50%.","—"
"Bug Buzz","BUG","","90","100","10","TM162","May lower opponent's Special Defense.","10"
"Charge Beam","ELECTRIC","","50","90","10","TM23","May raise user's Special Attack.","70"
"Chilly Reception","ICE","","—","—","10","","Switches out and summons a snowstorm lasting 5 turns.","—"
"Circle Throw","FIGHTING","","60","90","10","","In battles, the opponent switches. In the wild, the Pokémon runs.","—"
"Coaching","FIGHTING","","—","—","10","","Boosts Attack and Defense of a teammate.","—"
"Combat Torque","FIGHTING","","100","100","10","","","—"
"Comeuppance","DARK","","1","100","10","","Deals more damage to the opponent that last inflicted damage on it.","—"
"Confuse Ray","GHOST","","—","100","10","TM17","Confuses opponent.","—"
"Core Enforcer","DRAGON","","100","100","10","","Suppresses the target's ability if the target has already moved.","—"
"Cotton Guard","GRASS","","—","—","10","","Drastically raises user's Defense.","—"
"Court Change","NORMAL","","—","100","10","","Swaps the effects on either side of the field.","—"
"Crabhammer","WATER","","100","90","10","","High critical hit ratio.","—"
"Crafty Shield","FAIRY","","—","—","10","","Protects the Pokémon from status moves.","—"
"Crush Claw","NORMAL","","75","95","10","","May lower opponent's Defense.","50"
"Curse","GHOST","","—","—","10","","Ghosts lose 50% of max HP and curse the opponent; Non-Ghosts raise Attack, Defense and lower Speed.","—"
"Dark Void","DARK","","—","50","10","","Puts all adjacent opponents to sleep.","—"
"Darkest Lariat","DARK","","85","100","10","","Ignores opponent's stat changes.","—"
"Dazzling Gleam","FAIRY","","80","100","10","TM79","Hits all adjacent opponents.","—"
"Defend Order","BUG","","—","—","10","","Raises user's Defense and Special Defense.","—"
"Dig","GROUND","","80","100","10","TM55","Digs underground on first turn, attacks on second. Can also escape from caves.","—"
"Dive","WATER","","80","100","10","","Dives underwater on first turn, attacks on second turn.","—"
"Dizzy Punch","NORMAL","","70","100","10","","May confuse opponent.","20"
"Doodle","NORMAL","","—","100","10","","Changes the abilities of the user and its teammates to that of the target.","—"
"Double Hit","NORMAL","","35","90","10","","Hits twice in one turn.","—"
"Double Slap","NORMAL","","15","85","10","","Hits 2-5 times in one turn.","—"
"Dragon Darts","DRAGON","","50","100","10","","User attacks twice.","—"
"Dragon Pulse","DRAGON","","85","100","10","TM115","","—"
"Dragon Rage","DRAGON","","—","100","10","","Always inflicts 40 HP.","—"
"Dragon Rush","DRAGON","","100","75","10","","May cause flinching.","20"
"Dragon Tail","DRAGON","","60","90","10","TM44","In battles, the opponent switches. In the wild, the Pokémon runs.","—"
"Drain Punch","FIGHTING","","75","100","10","TM73","User recovers half the HP inflicted on opponent.","—"
"Draining Kiss","FAIRY","","50","100","10","TM37","User recovers most the HP inflicted on opponent.","—"
"Drill Run","GROUND","","80","95","10","TM106","High critical hit ratio.","—"
"Drum Beating","GRASS","","80","100","10","","Lowers opponent's Speed.","100"
"Dual Wingbeat","FLYING","","40","90","10","","The user slams the target with its wings. The target is hit twice in a row.","—"
"Earth Power","GROUND","","90","100","10","TM133","May lower opponent's Special Defense.","10"
"Earthquake","GROUND","","100","100","10","TM149","Power is doubled if opponent is underground from using Dig.","—"
"Egg Bomb","NORMAL","","100","75","10","","","—"
"Electric Terrain","ELECTRIC","","—","—","10","TM136","Prevents all Pokémon from falling asleep for 5 turns.","—"
"Electro Ball","ELECTRIC","","—","100","10","TM72","The faster the user, the stronger the attack.","—"
"Endure","NORMAL","","—","—","10","TM47","Always left with at least 1 HP, but may fail if used consecutively.","—"
"Energy Ball","GRASS","","90","100","10","TM119","May lower opponent's Special Defense.","10"
"Esper Wing","PSYCHIC","","80","100","10","","High critical hit ratio. Raises user's Speed.","—"
"Expanding Force","PSYCHIC","","80","100","10","","Increases power and hits all opponents on Psychic Terrain.","—"
"Fairy Lock","FAIRY","","—","—","10","","Prevents fleeing in the next turn.","—"
"Fake Out","NORMAL","","40","100","10","","User attacks first, foe flinches. Only usable on first turn.","100"
"False Surrender","DARK","","80","∞","10","","Ignores Accuracy and Evasiveness.","—"
"Feint","NORMAL","","30","100","10","","Only hits if opponent uses Protect or Detect in the same turn.","—"
"Fiery Dance","FIRE","","80","100","10","","May raise user's Special Attack.","50"
"Fiery Wrath","DARK","","90","100","10","","May cause flinching.","20"
"Fillet Away","NORMAL","","—","—","10","","Lowers HP but sharply boosts Attack, Special Attack, and Speed.","—"
"Fire Pledge","FIRE","","80","100","10","TM144","Added effects appear if combined with Grass Pledge or Water Pledge.","—"
"First Impression","BUG","","90","100","10","","Although this move has great power, it only works the first turn the user is in battle.","—"
"Fishious Rend","WATER","","85","100","10","","If the user attacks before the target, the power of this move is doubled.","—"
"Flash Cannon","STEEL","","80","100","10","TM93","May lower opponent's Special Defense.","10"
"Fling","DARK","","—","100","10","TM43","Power depends on held item.","—"
"Floral Healing","FAIRY","","—","—","10","","The user restores the target's HP by up to half of its max HP. It restores more HP when the terrain is grass.","—"
"Flower Shield","FAIRY","","—","—","10","","Sharply raises Defense of all Grass-type Pokémon on the field.","100"
"Flower Trick","GRASS","","70","∞","10","","Never misses; always results in a critical hit.","—"
"Flying Press","FIGHTING","","100","95","10","","Deals Fighting and Flying type damage.","—"
"Force Palm","FIGHTING","","60","100","10","","May paralyze opponent.","30"
"Freezing Glare","PSYCHIC","","90","100","10","","May freeze opponent.","10"
"Frost Breath","ICE","","60","90","10","","Always results in a critical hit.","100"
"Future Sight","PSYCHIC","","120","100","10","","Damage occurs 2 turns later.","—"
"G-Max Cannonade","WATER","—","—","∞","10","","Blastoise-exclusive G-Max Move. Damages non-Water types for 4 turns.","—"
"G-Max Stun Shock","ELECTRIC","—","—","∞","10","","Toxtricity-exclusive G-Max Move. Poisons or paralyzes opponents.","100"
"G-Max Sweetness","GRASS","—","—","∞","10","","Appletun-exclusive G-Max Move. Heals status conditions of user's team.","—"
"G-Max Tartness","GRASS","—","—","∞","10","","Flapple-exclusive G-Max Move. Reduces opponents' evasiveness.","100"
"G-Max Terror","GHOST","—","—","∞","10","","Gengar-exclusive G-Max Move. Prevents opponent from switching out.","—"
"G-Max Vine Lash","GRASS","—","—","∞","10","","Venusaur-exclusive G-Max Move. Damages non-Grass types for 4 turns.","—"
"G-Max Volcalith","ROCK","—","—","∞","10","","Coalossal-exclusive G-Max Move. Deals damage for 4 turns.","100"
"G-Max Volt Crash","ELECTRIC","—","—","∞","10","","Pikachu-exclusive G-Max Move. Paralyzes opponents.","100"
"G-Max Wildfire","FIRE","—","—","∞","10","","Charizard-exclusive G-Max Move. Damages non-Fire types for 4 turns.","100"
"G-Max Wind Rage","FLYING","—","—","∞","10","","Corviknight-exclusive G-Max Move. Removes battlefield hazards.","—"
"Gastro Acid","POISON","","—","100","10","","Cancels out the effect of the opponent's Ability.","—"
"Geomancy","FAIRY","","—","—","10","","Charges on first turn, sharply raises user's Sp. Attack, Sp. Defense and Speed on the second.","—"
"Giga Drain","GRASS","","75","100","10","TM111","User recovers half the HP inflicted on opponent.","—"
"Glaciate","ICE","","65","95","10","","Lowers opponent's Speed.","100"
"Grass Pledge","GRASS","","80","100","10","TM146","Added effects appear if preceded by Water Pledge or succeeded by Fire Pledge.","—"
"Grassy Terrain","GRASS","","—","—","10","TM137","Restores a little HP of all Pokémon for 5 turns.","—"
"Grav Apple","GRASS","","80","100","10","","Lowers the opponent's Defense stat.","100"
"Guard Split","PSYCHIC","","—","—","10","","Averages Defense and Special Defense with the target.","—"
"Guard Swap","PSYCHIC","","—","—","10","","User and opponent swap Defense and Special Defense.","—"
"Hail","ICE","","—","—","10","","Non-Ice types are damaged for 5 turns.","—"
"Hammer Arm","FIGHTING","","100","90","10","","Lowers user's Speed.","100"
"Heal Order","BUG","","—","—","10","","User recovers half its max HP.","—"
"Heal Pulse","PSYCHIC","","—","—","10","","Restores half the target's max HP.","—"
"Healing Wish","PSYCHIC","","—","—","10","","The user faints and the next Pokémon released is fully healed.","—"
"Heart Swap","PSYCHIC","","—","—","10","","Stat changes are swapped with the opponent.","—"
"Heat Crash","FIRE","","—","100","10","","The heavier the user, the stronger the attack.","—"
"Heat Wave","FIRE","","95","90","10","TM118","May burn opponent.","10"
"Heavy Slam","STEEL","","—","100","10","TM121","The heavier the user, the stronger the attack.","—"
"Hex","GHOST","","65","100","10","TM29","Inflicts more damage if the target has a status condition.","—"
"High Horsepower","GROUND","","95","95","10","","The user fiercely attacks the target using its entire body.","—"
"High Jump Kick","FIGHTING","","130","90","10","","If it misses, the user loses half their HP.","—"
"Horn Leech","GRASS","","75","100","10","","User recovers half the HP inflicted on opponent.","—"
"Hurricane","FLYING","","110","70","10","TM160","May confuse opponent.","30"
"Hyper Voice","NORMAL","","90","100","10","TM117","","—"
"Ice Beam","ICE","","90","100","10","TM135","May freeze opponent.","10"
"Ice Hammer","ICE","","100","90","10","","The user swings and hits with its strong, heavy fist. It lowers the user's Speed, however.","100"
"Icicle Crash","ICE","","85","90","10","","May cause flinching.","30"
"Imprison","PSYCHIC","","—","—","10","TM92","Opponent is unable to use moves that the user also knows.","—"
"Jaw Lock","DARK","","80","100","10","","Prevents user and opponent from switching out.","—"
"Judgment","NORMAL","","100","100","10","","Type depends on the Arceus Plate being held.","—"
"Jump Kick","FIGHTING","","100","95","10","","If it misses, the user loses half their HP.","—"
"Jungle Healing","GRASS","","—","—","10","","Restores team's HP and cures status conditions.","—"
"King's Shield","STEEL","","—","—","10","","Protects the user and lowers opponent's Attack on contact.","—"
"Kowtow Cleave","DARK","","85","∞","10","","Always hits.","—"
"Land's Wrath","GROUND","","90","100","10","","","—"
"Last Respects","GHOST","","50","100","10","","Damages increases the more party Pokémon have been defeated.","—"
"Leaf Tornado","GRASS","","65","90","10","","May lower opponent's Accuracy.","50"
"Leech Life","BUG","","80","100","10","TM95","User recovers half the HP inflicted on opponent.","—"
"Leech Seed","GRASS","","—","90","10","","Drains HP from opponent each turn.","—"
"Life Dew","WATER","","—","—","10","","User and teammates recover HP.","—"
"Liquidation","WATER","","85","100","10","TM110","May lower opponent's Defense.","20"
"Lovely Kiss","NORMAL","","—","75","10","","Puts opponent to sleep.","—"
"Lumina Crash","PSYCHIC","","80","100","10","","Harshly lowers target’s Special Defense.","—"
"Lunar Dance","PSYCHIC","","—","—","10","","The user faints but the next Pokémon released is fully healed.","—"
"Magic Room","PSYCHIC","","—","—","10","","Suppresses the effects of held items for five turns.","—"
"Magical Torque","FAIRY","","100","100","10","","","—"
"Magnet Rise","ELECTRIC","","—","—","10","","User becomes immune to Ground-type moves for 5 turns.","—"
"Mat Block","FIGHTING","","—","—","10","","Protects teammates from damaging moves.","—"
"Megahorn","BUG","","120","85","10","","","—"
"Memento","DARK","","—","100","10","","User faints, sharply lowers opponent's Attack and Special Attack.","—"
"Metal Burst","STEEL","","—","100","10","","Deals damage equal to 1.5x opponent's attack.","—"
"Meteor Beam","ROCK","","120","90","10","","User gathers space power and boosts its Sp. Atk stat, then attacks the target on the next turn.","—"
"Meteor Mash","STEEL","","90","90","10","","May raise user's Attack.","20"
"Metronome","NORMAL","","—","—","10","TM80","User performs almost any move in the game at random.","—"
"Mimic","NORMAL","","—","—","10","","Copies the opponent's last move.","—"
"Minimize","NORMAL","","—","—","10","","Sharply raises user's Evasiveness.","—"
"Mirror Shot","STEEL","","65","85","10","","May lower opponent's Accuracy.","30"
"Misty Terrain","FAIRY","","—","—","10","TM139","Protects the field from status conditions for 5 turns.","—"
"Mountain Gale","ICE","","100","85","10","","Lowers user's Speed.","—"
"Mud Bomb","GROUND","","65","85","10","","May lower opponent's Accuracy.","30"
"Mud-Slap","GROUND","","20","100","10","TM05","Lowers opponent's Accuracy.","100"
"Muddy Water","WATER","","90","85","10","","May lower opponent's Accuracy.","30"
"Multi-Attack","NORMAL","","120","100","10","","Type matches Memory item held.","—"
"Mystical Fire","FIRE","","75","100","10","","Lowers opponent's Special Attack.","100"
"Mystical Power","PSYCHIC","","70","90","10","","Raises user's Attack or Defense.","—"
"Nature's Madness","FAIRY","","—","90","10","","Halves the foe's HP.","—"
"Night Daze","DARK","","85","95","10","","May lower opponent's Accuracy.","40"
"Noxious Torque","POISON","","100","100","10","","","—"
"Oblivion Wing","FLYING","","80","100","10","","User recovers most of the HP inflicted on opponent.","—"
"Obstruct","DARK","","—","100","10","","Protects the user and sharply lowers Defence on contact.","—"
"Octazooka","WATER","","65","85","10","","May lower opponent's Accuracy.","50"
"Order Up","DRAGON","","80","100","10","","","—"
"Origin Pulse","WATER","","110","85","10","","Hits all adjacent opponents.","—"
"Outrage","DRAGON","","120","100","10","TM156","User attacks for 2-3 turns but then becomes confused.","—"
"Overdrive","ELECTRIC","","80","100","10","","Hits all adjacent opponents.","—"
"Payback","DARK","","50","100","10","","Power doubles if the user was attacked first.","—"
"Petal Dance","GRASS","","120","100","10","","User attacks for 2-3 turns but then becomes confused.","—"
"Phantom Force","GHOST","","90","100","10","TM151","Disappears on first turn, attacks on second. Can strike through Protect/Detect.","—"
"Play Rough","FAIRY","","90","90","10","TM127","May lower opponent's Attack.","10"
"Population Bomb","NORMAL","","20","90","10","","Hits 1-10 times in a row.","—"
"Power Shift","NORMAL","","—","—","10","","Switches offensive and defensive stats.","—"
"Power Split","PSYCHIC","","—","—","10","","Averages Attack and Special Attack with the target.","—"
"Power Swap","PSYCHIC","","—","—","10","","User and opponent swap Attack and Special Attack.","—"
"Power Trick","PSYCHIC","","—","—","10","","User's own Attack and Defense switch.","—"
"Power Trip","DARK","","20","100","10","","The user boasts its strength and attacks the target. The more the user's stats are raised, the greater the move's power.","—"
"Power Whip","GRASS","","120","85","10","","","—"
"Precipice Blades","GROUND","","120","85","10","","Hits all adjacent opponents.","—"
"Prismatic Laser","PSYCHIC","","160","100","10","","The user shoots powerful lasers using the power of a prism. The user can't move on the next turn.","—"
"Protect","NORMAL","","—","—","10","TM07","Protects the user, but may fail if used consecutively.","—"
"Psych Up","NORMAL","","—","—","10","","Copies the opponent's stat changes.","—"
"Psychic","PSYCHIC","","90","100","10","TM120","May lower opponent's Special Defense.","10"
"Psychic Fangs","PSYCHIC","","85","100","10","TM63","The user bites the target with its psychic capabilities. This can also destroy Light Screen and Reflect.","—"
"Psychic Terrain","PSYCHIC","","—","—","10","TM138","Prevents priority moves from being used for 5 turns.","—"
"Psycho Shift","PSYCHIC","","—","100","10","","Transfers user's status condition to the opponent.","—"
"Psyshield Bash","PSYCHIC","","70","90","10","","Raises user's Defense and Special Defense.","—"
"Psyshock","PSYCHIC","","80","100","10","TM54","Inflicts damage based on the target's Defense, not Special Defense.","—"
"Psystrike","PSYCHIC","","100","100","10","","Inflicts damage based on the target's Defense, not Special Defense.","—"
"Rage Fist","GHOST","","50","100","10","","The more times the user has been hit by attacks, the greater the move's power.","—"
"Raging Bull","NORMAL","","90","100","10","","Type depends on the user’s form. Breaks through Reflect and Light Screen barriers.","—"
"Raging Fury","FIRE","","120","100","10","","User keeps repeating the same move over and over.","—"
"Razor Shell","WATER","","75","95","10","","May lower opponent's Defense.","50"
"Razor Wind","NORMAL","","80","100","10","","Charges on first turn, attacks on second. High critical hit ratio.","—"
"Recycle","NORMAL","","—","—","10","","User's used hold item is restored.","—"
"Relic Song","NORMAL","","75","100","10","","May put the target to sleep.","10"
"Revenge","FIGHTING","","60","100","10","","Power increases if user was hit first.","—"
"Rock Blast","ROCK","","25","90","10","TM76","Hits 2-5 times in one turn.","—"
"Rock Slide","ROCK","","75","90","10","TM86","May cause flinching.","30"
"Role Play","PSYCHIC","","—","—","10","","User copies the opponent's Ability.","—"
"Rototiller","GROUND","","—","—","10","","Raises Attack and Special Attack of Grass-types.","100"
"Ruination","DARK","","1","90","10","","Halves the opponent's HP.","—"
"Sandsear Storm","GROUND","","100","80","10","","May burn target.","—"
"Sandstorm","ROCK","","—","—","10","TM51","Creates a sandstorm for 5 turns.","—"
"Scary Face","NORMAL","","—","100","10","TM06","Sharply lowers opponent's Speed.","—"
"Scorching Sands","GROUND","","70","100","10","","May burn the target.","—"
"Secret Sword","FIGHTING","","85","100","10","","Inflicts damage based on the target's Defense, not Special Defense.","—"
"Shadow Bone","GHOST","","85","100","10","","May lower opponent's Defense.","20"
"Shed Tail","NORMAL","","—","—","10","","Creates a substitute, then swaps places with a party Pokémon in waiting.","—"
"Shell Side Arm","POISON","","90","100","10","","May poison opponent. Inflicts either Special or Physical damage, whichever is better.","—"
"Shelter","STEEL","","—","—","10","","Raises Defense and Evasion.","—"
"Shift Gear","STEEL","","—","—","10","","Raises user's Attack and sharply raises Speed.","—"
"Silk Trap","BUG","","—","—","10","","Protects the user and lowers opponent's Speed on contact.","—"
"Skill Swap","PSYCHIC","","—","—","10","TM98","The user swaps Abilities with the opponent.","—"
"Skitter Smack","BUG","","70","90","10","","Lowers opponent's Sp. Attack.","—"
"Skull Bash","NORMAL","","130","100","10","","Raises Defense on first turn, attacks on second.","100"
"Sky Drop","FLYING","","60","100","10","","Takes opponent into the air on first turn, drops them on second turn.","—"
"Sleep Talk","NORMAL","","—","—","10","TM70","User performs one of its own moves while sleeping.","—"
"Sludge Bomb","POISON","","90","100","10","TM148","May poison opponent.","30"
"Sludge Wave","POISON","","95","100","10","","May poison opponent.","10"
"Smart Strike","STEEL","","70","—","10","TM53","The user stabs the target with a sharp horn. This attack never misses.","—"
"Smelling Salts","NORMAL","","70","100","10","","Power doubles if opponent is paralyzed, but cures it.","—"
"Snatch","DARK","","—","—","10","","Steals the effects of the opponent's next move.","—"
"Snowscape","ICE","","—","—","10","TM52","Raises Defense of Ice types for 5 turns.","—"
"Solar Beam","GRASS","","120","100","10","TM168","Charges on first turn, attacks on second.","—"
"Solar Blade","GRASS","","125","100","10","","Charges on first turn, attacks on second.","—"
"Sparkling Aria","WATER","","90","100","10","","Heals the burns of its target.","—"
"Spectral Thief","GHOST","","90","100","10","","The user hides in the target's shadow, steals the target's stat boosts, and then attacks.","—"
"Speed Swap","PSYCHIC","","—","—","10","","The user exchanges Speed stats with the target.","—"
"Spider Web","BUG","","—","—","10","","Opponent cannot escape/switch.","—"
"Spiky Shield","GRASS","","—","—","10","","Protects the user and inflicts damage on contact.","—"
"Spirit Shackle","GHOST","","80","100","10","","Prevents the opponent from switching out.","—"
"Spit Up","NORMAL","","—","100","10","","Power depends on how many times the user performed Stockpile.","—"
"Spite","GHOST","","—","100","10","","The opponent's last move loses 2-5 PP.","—"
"Stomping Tantrum","GROUND","","75","100","10","TM84","Driven by frustration, the user attacks the target. If the user's previous move has failed, the power of this move doubles.","—"
"Stored Power","PSYCHIC","","20","100","10","TM41","Power increases when user's stats have been raised.","—"
"Storm Throw","FIGHTING","","60","100","10","","Always results in a critical hit.","100"
"Strange Steam","FAIRY","","90","95","10","","May confuse opponent.","20"
"Strength Sap","GRASS","","—","100","10","","The user restores its HP by the same amount as the target's Attack stat. It also lowers the target's Attack stat.","100"
"Stuff Cheeks","NORMAL","","—","—","10","","The user eats its held Berry, then sharply raises its Defense stat.","100"
"Substitute","NORMAL","","—","—","10","TM103","Uses HP to creates a decoy that takes hits.","—"
"Super Fang","NORMAL","","—","90","10","","Always takes off half of the opponent's HP.","—"
"Swallow","NORMAL","","—","—","10","","The more times the user has performed Stockpile, the more HP is recovered.","—"
"Sweet Kiss","FAIRY","","—","75","10","","Confuses opponent.","—"
"Switcheroo","DARK","","—","100","10","","Swaps held items with the opponent.","—"
"Synchronoise","PSYCHIC","","120","100","10","","Hits any Pokémon that shares a type with the user.","—"
"Tail Slap","NORMAL","","25","85","10","","Hits 2-5 times in one turn.","—"
"Take Heart","PSYCHIC","","—","—","10","","Heals user's status conditions and raises its stats.","—"
"Teatime","NORMAL","","—","—","10","","Forces all Pokémon on the field to eat their berries.","—"
"Tera Blast","NORMAL","","80","100","10","TM171","Changes type when the user has Terastallized.","—"
"Terrain Pulse","NORMAL","","50","100","10","","Type and power change depending on the Terrain in effect.","—"
"Thousand Arrows","GROUND","","90","100","10","","Makes Flying-type Pokémon vulnerable to Ground moves.","—"
"Thousand Waves","GROUND","","90","100","10","","Opponent cannot flee or switch.","—"
"Thrash","NORMAL","","120","100","10","","User attacks for 2-3 turns but then becomes confused.","—"
"Thunder","ELECTRIC","","110","70","10","TM166","May paralyze opponent.","30"
"Thunderous Kick","FIGHTING","","90","100","10","","Lowers opponent's Defense.","100"
"Tidy Up","NORMAL","","—","—","10","","Removes the effects of entry hazards and Substitute, and boosts user’s Attack and Speed.","—"
"Torch Song","FIRE","","80","100","10","","Raises user's Special Attack.","—"
"Toxic","POISON","","—","90","10","","Badly poisons opponent.","—"
"Transform","NORMAL","","—","—","10","","User takes on the form and attacks of the opponent.","—"
"Tri Attack","NORMAL","","80","100","10","","May paralyze, burn or freeze opponent.","20"
"Trick","PSYCHIC","","—","100","10","TM109","Swaps held items with the opponent.","—"
"Triple Arrows","FIGHTING","","90","100","10","","Raises critical hit ratio and lowers target's Defense.","—"
"Triple Axel","ICE","","20","90","10","","Attacks thrice with more power each time.","—"
"Triple Dive","WATER","","30","95","10","","Hits 3 times in a row.","—"
"Triple Kick","FIGHTING","","10","90","10","","Hits thrice in one turn at increasing power.","—"
"Twin Beam","PSYCHIC","","40","100","10","","Hits twice in one turn.","—"
"Uproar","NORMAL","","90","100","10","","User attacks for 3 turns and prevents sleep.","—"
"Venoshock","POISON","","65","100","10","TM45","Inflicts double damage if the target is poisoned.","—"
"Victory Dance","FIGHTING","","—","—","10","","Raises Attack and Defense.","—"
"Vital Throw","FIGHTING","","70","∞","10","","User attacks last, but ignores Accuracy and Evasiveness.","—"
"Wake-Up Slap","FIGHTING","","70","100","10","","Power doubles if opponent is asleep, but wakes it up.","—"
"Water Pledge","WATER","","80","100","10","TM145","Added effects appear if preceded by Fire Pledge or succeeded by Grass Pledge.","—"
"Wave Crash","WATER","","120","100","10","","User receives recoil damage.","—"
"Weather Ball","NORMAL","","50","100","10","","Move's power and type changes with the weather.","—"
"Wicked Torque","DARK","","80","100","10","","","—"
"Wide Guard","ROCK","","—","—","10","","Protects the user's team from multi-target attacks.","—"
"Wildbolt Storm","ELECTRIC","","100","80","10","","May paralyze target.","—"
"Wish","NORMAL","","—","—","10","","The user recovers HP in the following turn.","—"
"Wonder Room","PSYCHIC","","—","—","10","","Swaps every Pokémon's Defense and Special Defense for 5 turns.","—"
"Worry Seed","GRASS","","—","100","10","","Changes the opponent's Ability to Insomnia.","—"
"Yawn","NORMAL","","—","—","10","","Puts opponent to sleep in the next turn.","—"
"Zing Zap","ELECTRIC","","80","100","10","","May cause flinching.","30"
"Acrobatics","FLYING","","55","100","15","TM14","Stronger when the user does not have a held item.","—"
"After You","NORMAL","","—","—","15","","Gives target priority in the next turn.","—"
"Air Slash","FLYING","","75","95","15","TM65","May cause flinching.","30"
"Ally Switch","PSYCHIC","","—","—","15","","User switches with opposite teammate.","—"
"Astonish","GHOST","","30","100","15","","May cause flinching.","30"
"Attack Order","BUG","","90","100","15","","High critical hit ratio.","—"
"Attract","NORMAL","","—","100","15","","If opponent is the opposite gender, it's less likely to attack.","—"
"Autotomize","STEEL","","—","—","15","","Reduces weight and sharply raises Speed.","—"
"Baddy Bad","DARK","","90","100","15","","Reduces damage from Physical attacks.","—"
"Beak Blast","FLYING","","100","100","15","","The user first heats up its beak, and then it attacks the target. Making direct contact with the Pokémon while it's heating up its beak results in a burn.","—"
"Bestow","NORMAL","","—","—","15","","Gives the user's held item to the target.","—"
"Body Slam","NORMAL","","85","100","15","TM66","May paralyze opponent.","30"
"Bouncy Bubble","WATER","","90","100","15","","User recovers half the HP inflicted on opponent.","—"
"Brave Bird","FLYING","","120","100","15","TM164","User receives recoil damage.","—"
"Breaking Swipe","DRAGON","","60","100","15","","Hits multiple opponents and lowers their attack.","100"
"Brick Break","FIGHTING","","75","100","15","TM58","Breaks through Reflect and Light Screen barriers.","—"
"Buzzy Buzz","ELECTRIC","","90","100","15","","Paralyzes the opponent.","100"
"Ceaseless Edge","DARK","","65","90","15","","High critical hit ratio. Damages target with splinters each turn.","—"
"Clamp","WATER","","35","85","15","","Traps opponent, damaging them for 4-5 turns.","100"
"Clear Smog","POISON","","50","—","15","","Removes all of the target's stat changes.","—"
"Comet Punch","NORMAL","","18","85","15","","Hits 2-5 times in one turn.","—"
"Crunch","DARK","","80","100","15","TM108","May lower opponent's Defense.","20"
"Dark Pulse","DARK","","80","100","15","TM94","May cause flinching.","20"
"Decorate","FAIRY","","—","—","15","","Sharply raises target's Attack and Special Attack.","100"
"Defog","FLYING","","—","—","15","","Lowers opponent's Evasiveness and clears fog.","—"
"Dire Claw","POISON","","80","100","15","","High critical hit ratio. May poison, paralyze or make the opponent drowsy.","—"
"Disarming Voice","FAIRY","","40","∞","15","TM19","Ignores Accuracy and Evasiveness.","—"
"Discharge","ELECTRIC","","80","100","15","","May paralyze opponent.","30"
"Double Team","NORMAL","","—","—","15","","Raises user's Evasiveness.","—"
"Double-Edge","NORMAL","","120","100","15","","User receives recoil damage.","—"
"Dragon Claw","DRAGON","","80","100","15","TM78","","—"
"Dragon Hammer","DRAGON","","90","100","15","","The user uses its body like a hammer to attack the target and inflict damage.","—"
"Dream Eater","PSYCHIC","","100","100","15","","User recovers half the HP inflicted on a sleeping opponent.","—"
"Dual Chop","DRAGON","","40","90","15","","Hits twice in one turn.","—"
"Echoed Voice","NORMAL","","40","100","15","","Power increases each turn.","—"
"Eerie Impulse","ELECTRIC","","—","100","15","TM96","Sharply lowers opponent's Special Attack.","—"
"Electroweb","ELECTRIC","","55","95","15","","Lowers opponent's Speed.","100"
"Embargo","DARK","","—","100","15","","Opponent cannot use items.","—"
"Entrainment","NORMAL","","—","100","15","","Makes target's ability same as user's.","—"
"Feather Dance","FLYING","","—","100","15","","Sharply lowers opponent's Attack.","—"
"Fire Fang","FIRE","","65","95","15","TM08","May cause flinching and/or burn opponent.","10"
"Fire Lash","FIRE","","80","100","15","","The user strikes the target with a burning lash. This also lowers the target's Defense stat.","100"
"Fire Punch","FIRE","","75","100","15","TM67","May burn opponent.","10"
"Fire Spin","FIRE","","35","85","15","TM24","Traps opponent, damaging them for 4-5 turns.","100"
"Flail","NORMAL","","—","100","15","","The lower the user's HP, the higher the power.","—"
"Flame Burst","FIRE","","70","100","15","","May also injure nearby Pokémon.","—"
"Flamethrower","FIRE","","90","100","15","TM125","May burn opponent.","10"
"Flare Blitz","FIRE","","120","100","15","TM165","User receives recoil damage. May burn opponent.","10"
"Flatter","DARK","","—","100","15","","Confuses opponent, but raises its Special Attack.","—"
"Floaty Fall","FLYING","","90","95","15","","May cause flinching.","30"
"Fly","FLYING","","90","95","15","TM97","Flies up on first turn, attacks on second turn.","—"
"Foul Play","DARK","","95","100","15","TM62","Uses the opponent's Attack stat.","—"
"Freezy Frost","ICE","","90","100","15","","Resets all stat changes.","—"
"Fury Swipes","NORMAL","","18","80","15","","Hits 2-5 times in one turn.","—"
"Gear Grind","STEEL","","50","85","15","","Hits twice in one turn.","—"
"Glitzy Glow","PSYCHIC","","90","100","15","","Reduces damage from Special attacks.","—"
"Grass Whistle","GRASS","","—","55","15","","Puts opponent to sleep.","—"
"Head Charge","NORMAL","","120","100","15","","User receives recoil damage.","—"
"Headbutt","NORMAL","","70","100","15","","May cause flinching.","30"
"Heal Block","PSYCHIC","","—","100","15","","Prevents the opponent from restoring HP for 5 turns.","—"
"Hidden Power","NORMAL","","60","100","15","","Type and power depends on user's IVs.","—"
"Hone Claws","DARK","","—","—","15","","Raises user's Attack and Accuracy.","—"
"Hydro Steam","WATER","","80","100","15","","Power increases in harsh sunlight.","—"
"Hyper Fang","NORMAL","","80","90","15","","May cause flinching.","10"
"Ice Fang","ICE","","65","95","15","TM10","May cause flinching and/or freeze opponent.","10"
"Ice Punch","ICE","","75","100","15","TM69","May freeze opponent.","10"
"Ice Spinner","ICE","","80","100","15","TM124","Removes effects of Terrain.","—"
"Icy Wind","ICE","","55","95","15","TM34","Lowers opponent's Speed.","100"
"Incinerate","FIRE","","60","100","15","","Destroys the target's held berry.","—"
"Infernal Parade","GHOST","","60","100","15","","Inflicts double damage if the target has a status condition.","—"
"Instruct","PSYCHIC","","—","—","15","","Allows an ally to use a move instead.","—"
"Iron Defense","STEEL","","—","—","15","TM104","Sharply raises user's Defense.","—"
"Iron Head","STEEL","","80","100","15","TM99","May cause flinching.","30"
"Iron Tail","STEEL","","100","75","15","","May lower opponent's Defense.","30"
"Jet Punch","WATER","","60","100","15","","Always goes first.","—"
"Kinesis","PSYCHIC","","—","80","15","","Lowers opponent's Accuracy.","—"
"Lava Plume","FIRE","","80","100","15","","May burn opponent.","30"
"Leaf Blade","GRASS","","90","100","15","","High critical hit ratio.","—"
"Lunge","BUG","","80","100","15","","The user makes a lunge at the target, attacking with full force. This also lowers the target's Attack stat.","100"
"Magic Coat","PSYCHIC","","—","—","15","","Reflects moves that cause status conditions back to the attacker.","—"
"Mega Drain","GRASS","","40","100","15","","User recovers half the HP inflicted on opponent.","—"
"Moonblast","FAIRY","","95","100","15","","May lower opponent's Special Attack.","30"
"Mortal Spin","POISON","","30","100","15","","Removes entry hazards and trap move effects, and poisons opposing Pokémon.","—"
"Mud Shot","GROUND","","55","95","15","TM35","Lowers opponent's Speed.","100"
"Mud Sport","GROUND","","—","—","15","","Weakens the power of Electric-type moves.","—"
"Natural Gift","NORMAL","","—","100","15","","Power and type depend on the user's held berry.","—"
"Needle Arm","GRASS","","60","100","15","","May cause flinching.","30"
"Night Shade","GHOST","","—","100","15","TM42","Inflicts damage equal to user's level.","—"
"Night Slash","DARK","","70","100","15","","High critical hit ratio.","—"
"Nightmare","GHOST","","—","100","15","","The sleeping opponent loses 25% of its max HP each turn.","—"
"Octolock","FIGHTING","","—","100","15","","Lowers opponent's Defense and Special Defense every turn, and they cannot flee or switch out.","—"
"Petal Blizzard","GRASS","","90","100","15","","Hits all adjacent Pokémon.","—"
"Plasma Fists","ELECTRIC","","100","100","15","","Changes Normal-type moves to Electric-type moves.","—"
"Poison Fang","POISON","","50","100","15","","May badly poison opponent.","50"
"Pollen Puff","BUG","","90","100","15","TM131","Deals damage to opponent or restores HP of teammate.","—"
"Present","NORMAL","","—","90","15","","Either deals damage or heals.","—"
"Psyblade","PSYCHIC","","80","100","15","","Power increases on Electric Terrain.","—"
"Psywave","PSYCHIC","","—","100","15","","Inflicts damage 50-150% of user's level.","—"
"Quash","DARK","","—","100","15","","Makes the target act last this turn.","—"
"Quick Guard","FIGHTING","","—","—","15","","Protects the user's team from high-priority moves.","—"
"Reflect Type","NORMAL","","—","—","15","","User becomes the target's type.","—"
"Revelation Dance","NORMAL","","90","100","15","","Type changes based on Oricorio's form.","—"
"Reversal","FIGHTING","","—","100","15","TM134","The lower the user's HP, the higher the power.","—"
"Rock Smash","FIGHTING","","40","100","15","","May lower opponent's Defense.","50"
"Rock Throw","ROCK","","50","90","15","","","—"
"Rock Tomb","ROCK","","60","95","15","TM36","Lowers opponent's Speed.","100"
"Rolling Kick","FIGHTING","","60","85","15","","May cause flinching.","30"
"Round","NORMAL","","60","100","15","","Power increases if teammates use it in the same turn.","—"
"Sacred Sword","FIGHTING","","90","100","15","","Ignores opponent's stat changes.","—"
"Salt Cure","ROCK","","40","100","15","","Deals damage each turn; Steel and Water types are more affected.","—"
"Sand Attack","GROUND","","—","100","15","","Lowers opponent's Accuracy.","—"
"Sand Tomb","GROUND","","35","85","15","","Traps opponent, damaging them for 4-5 turns.","100"
"Sappy Seed","GRASS","","90","100","15","","Drains HP from opponent each turn.","100"
"Scald","WATER","","80","100","15","","May burn opponent.","30"
"Seed Bomb","GRASS","","80","100","15","TM71","","—"
"Shadow Ball","GHOST","","80","100","15","TM114","May lower opponent's Special Defense.","20"
"Shadow Claw","GHOST","","70","100","15","TM61","High critical hit ratio.","—"
"Shell Smash","NORMAL","","—","—","15","","Sharply raises user's Attack, Special Attack and Speed but lowers Defense and Special Defense.","—"
"Signal Beam","BUG","","75","100","15","","May confuse opponent.","10"
"Simple Beam","NORMAL","","—","100","15","","Changes target's ability to Simple.","—"
"Sing","NORMAL","","—","55","15","","Puts opponent to sleep.","—"
"Sizzly Slide","FIRE","","90","100","15","","Burns the opponent.","100"
"Sky Uppercut","FIGHTING","","85","90","15","","Hits the opponent, even during Fly.","—"
"Sleep Powder","GRASS","","—","75","15","","Puts opponent to sleep.","—"
"Smack Down","ROCK","","50","100","15","","Makes Flying-type Pokémon vulnerable to Ground moves.","100"
"Snap Trap","GRASS","","35","100","15","","Traps opponent, damaging them for 4-5 turns.","100"
"Snarl","DARK","","55","95","15","TM30","Lowers opponent's Special Attack.","100"
"Snipe Shot","WATER","","80","100","15","","Ignores moves and abilities that draw in moves. High critical hit ratio.","—"
"Snore","NORMAL","","50","100","15","","Can only be used if asleep. May cause flinching.","30"
"Sparkly Swirl","FAIRY","","90","100","15","","Cures all status problems in the party Pokémon.","—"
"Spicy Extract","GRASS","","—","∞","15","","Harshly lowers the opponent's Defense and sharply raises their Attack.","—"
"Spike Cannon","NORMAL","","20","100","15","","Hits 2-5 times in one turn.","—"
"Spirit Break","FAIRY","","75","100","15","","Lowers opponent's Special Attack.","100"
"Splishy Splash","WATER","","90","100","15","","May paralyze opponent.","30"
"Spore","GRASS","","—","100","15","","Puts opponent to sleep.","—"
"Spotlight","NORMAL","","—","—","15","","The user shines a spotlight on the target so that only the target will be attacked during the turn.","—"
"Stone Axe","ROCK","","65","90","15","","High critical hit ratio. Damages target with splinters each turn.","—"
"Strength","NORMAL","","80","100","15","","","—"
"Surf","WATER","","90","100","15","TM123","Hits all adjacent Pokémon.","—"
"Swagger","NORMAL","","—","85","15","","Confuses opponent, but sharply raises its Attack.","—"
"Tailwind","FLYING","","—","—","15","TM113","Doubles Speed for 4 turns.","—"
"Tar Shot","ROCK","","—","100","15","","Lowers the opponent's Speed and makes them weaker to Fire-type moves.","100"
"Telekinesis","PSYCHIC","","—","—","15","","Ignores opponent's Evasiveness for three turns, add Ground immunity.","—"
"Throat Chop","DARK","","80","100","15","","Prevents use of sound moves for two turns.","100"
"Thunder Cage","ELECTRIC","","80","90","15","","Deals damage and traps opponent, damaging them for 4-5 turns.","—"
"Thunder Fang","ELECTRIC","","65","95","15","TM09","May cause flinching and/or paralyze opponent.","10"
"Thunder Punch","ELECTRIC","","75","100","15","TM68","May paralyze opponent.","10"
"Thunderbolt","ELECTRIC","","90","100","15","TM126","May paralyze opponent.","10"
"Torment","DARK","","—","100","15","","Opponent cannot use the same move in a row.","—"
"Trop Kick","GRASS","","70","100","15","","Lowers opponent's Attack.","100"
"Volt Tackle","ELECTRIC","","120","100","15","","User receives recoil damage. May paralyze opponent.","10"
"Water Sport","WATER","","—","—","15","","Weakens the power of Fire-type moves.","—"
"Waterfall","WATER","","80","100","15","TM77","May cause flinching.","20"
"Whirlpool","WATER","","35","85","15","","Traps opponent, damaging them for 4-5 turns.","100"
"Wild Charge","ELECTRIC","","90","100","15","TM147","User receives recoil damage.","—"
"Will-O-Wisp","FIRE","","—","85","15","TM107","Burns opponent.","—"
"Wood Hammer","GRASS","","120","100","15","","User receives recoil damage.","—"
"X-Scissor","BUG","","80","100","15","TM105","","—"
"Zen Headbutt","PSYCHIC","","80","90","15","TM59","May cause flinching.","20"
"Zippy Zap","ELECTRIC","","50","100","15","","Always results in a critical hit.","100"
"Accelerock","ROCK","","40","100","20","","User attacks first.","—"
"Acid Armor","POISON","","—","—","20","","Sharply raises user's Defense.","—"
"Acid Spray","POISON","","40","100","20","TM13","Sharply lowers opponent's Special Defense.","100"
"Aerial Ace","FLYING","","60","∞","20","TM27","Ignores Accuracy and Evasiveness.","—"
"Amnesia","PSYCHIC","","—","—","20","TM128","Sharply raises user's Special Defense.","—"
"Anchor Shot","STEEL","","80","100","20","","The user entangles the target with its anchor chain while attacking. The target becomes unable to flee.","—"
"Aqua Cutter","WATER","","70","100","20","","High critical hit ratio.","—"
"Aqua Jet","WATER","","40","100","20","","User attacks first.","—"
"Aqua Ring","WATER","","—","—","20","","Restores a little HP each turn.","—"
"Arm Thrust","FIGHTING","","15","100","20","","Hits 2-5 times in one turn.","—"
"Aromatic Mist","FAIRY","","—","—","20","","Raises Special Defense of an ally.","—"
"Assist","NORMAL","","—","—","20","","User performs a move known by its allies at random.","—"
"Aura Sphere","FIGHTING","","80","∞","20","TM112","Ignores Accuracy and Evasiveness.","—"
"Aurora Beam","ICE","","65","100","20","","May lower opponent's Attack.","10"
"Aurora Veil","ICE","","—","—","20","","Halves damage from Physical and Special attacks for five turns.","—"
"Barrage","NORMAL","","15","85","20","","Hits 2-5 times in one turn.","—"
"Barrier","PSYCHIC","","—","—","20","","Sharply raises user's Defense.","—"
"Bind","NORMAL","","15","85","20","","Traps opponent, damaging them for 4-5 turns.","100"
"Bone Club","GROUND","","65","85","20","","May cause flinching.","10"
"Brutal Swing","DARK","","60","100","20","","The user swings its body around violently to inflict damage on everything in its vicinity.","—"
"Bubble Beam","WATER","","65","100","20","","May lower opponent's Speed.","10"
"Bug Bite","BUG","","60","100","20","","Receives the effect from the opponent's held berry.","—"
"Bulk Up","FIGHTING","","—","—","20","TM64","Raises user's Attack and Defense.","—"
"Bulldoze","GROUND","","60","100","20","TM28","Lowers opponent's Speed.","100"
"Calm Mind","PSYCHIC","","—","—","20","TM129","Raises user's Special Attack and Special Defense.","—"
"Camouflage","NORMAL","","—","—","20","","Changes user's type according to the location.","—"
"Captivate","NORMAL","","—","100","20","","Sharply lowers opponent's Special Attack if opposite gender.","—"
"Charge","ELECTRIC","","—","—","20","","Raises user's Special Defense and next Electric move's power increases.","—"
"Charm","FAIRY","","—","100","20","TM02","Sharply lowers opponent's Attack.","—"
"Chatter","FLYING","","65","100","20","","Confuses opponent.","100"
"Chilling Water","WATER","","50","100","20","TM22","Lowers opponent's Attack.","—"
"Chip Away","NORMAL","","70","100","20","","Ignores opponent's stat changes.","—"
"Coil","POISON","","—","—","20","","Raises user's Attack, Defense and Accuracy.","—"
"Confide","NORMAL","","—","—","20","","Lowers opponent's Special Attack.","100"
"Copycat","NORMAL","","—","—","20","","Copies opponent's last move.","—"
"Cosmic Power","PSYCHIC","","—","—","20","","Raises user's Defense and Special Defense.","—"
"Counter","FIGHTING","","—","100","20","","When hit by a Physical Attack, user strikes back with 2x power.","—"
"Cross Poison","POISON","","70","100","20","","High critical hit ratio. May poison opponent.","10"
"Disable","NORMAL","","—","100","20","","Opponent can't use its last attack for a few turns.","—"
"Dragon Breath","DRAGON","","60","100","20","","May paralyze opponent.","30"
"Dragon Dance","DRAGON","","—","—","20","TM100","Raises user's Attack and Speed.","—"
"Drill Peck","FLYING","","80","100","20","","","—"
"Electrify","ELECTRIC","","—","—","20","","Changes the target's move to Electric type.","—"
"Extrasensory","PSYCHIC","","80","100","20","","May cause flinching.","10"
"Facade","NORMAL","","70","100","20","TM25","Power doubles if user is burned, poisoned, or paralyzed.","—"
"Fake Tears","DARK","","—","100","20","TM03","Sharply lowers opponent's Special Defense.","—"
"Feint Attack","DARK","","60","∞","20","","Ignores Accuracy and Evasiveness.","—"
"Flame Charge","FIRE","","50","100","20","TM38","Raises user's Speed.","100"
"Flash","NORMAL","","—","100","20","","Lowers opponent's Accuracy.","—"
"Flip Turn","WATER","","60","100","20","","After making its attack, the user rushes back to switch places with a party Pokémon in waiting.","—"
"Focus Punch","FIGHTING","","150","100","20","","If the user is hit before attacking, it flinches instead.","—"
"Follow Me","NORMAL","","—","—","20","","In Double Battle, the user takes all the attacks.","—"
"Forest's Curse","GRASS","","—","100","20","","Adds Grass type to opponent.","—"
"Freeze-Dry","ICE","","70","100","20","","May freeze opponent. Super-effective against Water types.","10"
"Frustration","NORMAL","","—","100","20","","Power decreases with higher Friendship.","—"
"Fury Attack","NORMAL","","15","85","20","","Hits 2-5 times in one turn.","—"
"Fury Cutter","BUG","","40","95","20","","Power increases each turn.","—"
"Gear Up","STEEL","","—","—","20","","The user engages its gears to raise the Attack and Sp. Atk stats of ally Pokémon with the Plus or Minus Ability.","—"
"Grass Knot","GRASS","","—","100","20","TM81","The heavier the opponent, the stronger the attack.","—"
"Grassy Glide","GRASS","","60","100","20","","High priority during Grassy Terrain.","—"
"Growth","NORMAL","","—","—","20","","Raises user's Attack and Special Attack.","—"
"Helping Hand","NORMAL","","—","—","20","TM130","In Double Battles, boosts the power of the partner's move.","—"
"Hypnosis","PSYCHIC","","—","60","20","","Puts opponent to sleep.","—"
"Ice Ball","ICE","","30","90","20","","Doubles in power each turn for 5 turns.","—"
"Infestation","BUG","","20","100","20","","Traps opponent, damaging them for 4-5 turns.","100"
"Ingrain","GRASS","","—","—","20","","User restores HP each turn. User cannot escape/switch.","—"
"Knock Off","DARK","","65","100","20","","Removes opponent's held item for the rest of the battle.","—"
"Low Kick","FIGHTING","","—","100","20","TM12","The heavier the opponent, the stronger the attack.","—"
"Low Sweep","FIGHTING","","65","100","20","TM39","Lowers opponent's Speed.","100"
"Magic Powder","PSYCHIC","","—","100","20","","Changes target's type to Psychic.","—"
"Magical Leaf","GRASS","","60","∞","20","TM33","Ignores Accuracy and Evasiveness.","—"
"Magnet Bomb","STEEL","","60","∞","20","","Ignores Accuracy and Evasiveness.","—"
"Magnetic Flux","ELECTRIC","","—","—","20","","Raises Defense and Sp. Defense of Plus/Minus Pokémon.","—"
"Me First","NORMAL","","—","—","20","","User copies the opponent's attack with 1.5× power.","—"
"Mega Punch","NORMAL","","80","85","20","","","—"
"Mirror Coat","PSYCHIC","","—","100","20","","When hit by a Special Attack, user strikes back with 2x power.","—"
"Mirror Move","FLYING","","—","—","20","","User performs the opponent's last move.","—"
"Nasty Plot","DARK","","—","—","20","TM140","Sharply raises user's Special Attack.","—"
"Nature Power","NORMAL","","—","—","20","","Uses a certain move based on the current terrain.","—"
"Nuzzle","ELECTRIC","","20","100","20","","Paralyzes opponent.","100"
"Pain Split","NORMAL","","—","—","20","","The user's and opponent's HP becomes the average of both.","—"
"Parabolic Charge","ELECTRIC","","65","100","20","","User recovers half the HP inflicted on opponent.","—"
"Parting Shot","DARK","","—","100","20","","Lowers opponent's Attack and Special Attack then switches out.","100"
"Pay Day","NORMAL","","40","100","20","","Money is earned after the battle.","—"
"Pika Papow","ELECTRIC","","—","∞","20","","Power increases when player's bond is stronger.","—"
"Pin Missile","BUG","","25","95","20","","Hits 2-5 times in one turn.","—"
"Play Nice","NORMAL","","—","—","20","","Lowers opponent's Attack. Always hits.","100"
"Pluck","FLYING","","60","100","20","","If the opponent is holding a berry, its effect is stolen by user.","—"
"Poison Jab","POISON","","80","100","20","TM83","May poison the opponent.","30"
"Pounce","BUG","","50","100","20","TM21","Lowers opponent's Speed.","100"
"Powder","BUG","","—","100","20","","Damages Pokémon using Fire type moves.","—"
"Power Gem","ROCK","","80","100","20","TM101","","—"
"Power-Up Punch","FIGHTING","","40","100","20","","Raises Attack.","100"
"Psybeam","PSYCHIC","","65","100","20","TM16","May confuse opponent.","10"
"Psycho Cut","PSYCHIC","","70","100","20","","High critical hit ratio.","—"
"Purify","POISON","","—","—","20","","The user heals the target's status condition. If the move succeeds, it also restores the user's own HP.","—"
"Pursuit","DARK","","40","100","20","","Double power if the opponent is switching out.","—"
"Quiver Dance","BUG","","—","—","20","","Raises user's Special Attack, Special Defense and Speed.","—"
"Rage","NORMAL","","20","100","20","","Raises user's Attack when hit.","—"
"Rage Powder","BUG","","—","—","20","","Forces attacks to hit user, not team-mates.","—"
"Reflect","PSYCHIC","","—","—","20","TM74","Halves damage from Physical attacks for 5 turns.","—"
"Refresh","NORMAL","","—","—","20","","Cures paralysis, poison, and burns.","—"
"Return","NORMAL","","—","100","20","","Power increases with higher Friendship.","—"
"Rising Voltage","ELECTRIC","","70","100","20","","Power doubles on Electric Terrain.","—"
"Roar","NORMAL","","—","—","20","","In battles, the opponent switches. In the wild, the Pokémon runs.","—"
"Rock Climb","NORMAL","","90","85","20","","May confuse opponent.","20"
"Rock Polish","ROCK","","—","—","20","","Sharply raises user's Speed.","—"
"Rollout","ROCK","","30","90","20","","Doubles in power each turn for 5 turns.","—"
"Scale Shot","DRAGON","","25","90","20","","Hits 2-5 times in one turn. Boosts user's Speed but lowers its Defense.","—"
"Secret Power","NORMAL","","70","100","20","","Effects of the attack vary with the location.","30"
"Seismic Toss","FIGHTING","","—","100","20","","Inflicts damage equal to user's level.","—"
"Shadow Punch","GHOST","","60","∞","20","","Ignores Accuracy and Evasiveness.","—"
"Shock Wave","ELECTRIC","","60","∞","20","","Ignores Accuracy and Evasiveness.","—"
"Slam","NORMAL","","80","75","20","","","—"
"Slash","NORMAL","","70","100","20","","High critical hit ratio.","—"
"Sludge","POISON","","65","100","20","","May poison opponent.","30"
"Smog","POISON","","30","70","20","","May poison opponent.","40"
"Smokescreen","NORMAL","","—","100","20","","Lowers opponent's Accuracy.","—"
"Soak","WATER","","—","100","20","","Changes the target's type to water.","—"
"Sonic Boom","NORMAL","","—","90","20","","Always inflicts 20 HP.","—"
"Spark","ELECTRIC","","65","100","20","","May paralyze opponent.","30"
"Spikes","GROUND","","—","—","20","TM90","Hurts opponents when they switch into battle.","—"
"Stealth Rock","ROCK","","—","—","20","TM116","Damages opponent switching into battle.","—"
"Steamroller","BUG","","65","100","20","","May cause flinching.","30"
"Sticky Web","BUG","","—","—","20","","Lowers opponent's Speed when switching into battle.","—"
"Stockpile","NORMAL","","—","—","20","","Stores energy for use with Spit Up and Swallow.","—"
"Stomp","NORMAL","","65","100","20","","May cause flinching.","30"
"Struggle Bug","BUG","","50","100","20","TM15","Lowers opponent's Special Attack.","100"
"Submission","FIGHTING","","80","80","20","","User receives recoil damage.","—"
"Supersonic","NORMAL","","—","55","20","","Confuses opponent.","—"
"Sweet Scent","NORMAL","","—","100","20","","Lowers opponent's Evasiveness.","—"
"Swift","NORMAL","","60","∞","20","TM32","Ignores Accuracy and Evasiveness.","—"
"Swords Dance","NORMAL","","—","—","20","TM88","Sharply raises user's Attack.","—"
"Tail Glow","BUG","","—","—","20","","Drastically raises user's Special Attack.","—"
"Take Down","NORMAL","","90","85","20","TM01","User receives recoil damage.","—"
"Taunt","DARK","","—","100","20","TM87","Opponent can only use moves that attack.","—"
"Tearful Look","NORMAL","","—","—","20","","The user gets teary eyed to make the target lose its combative spirit. This lowers the target's Attack and Sp. Atk stats.","100"
"Teeter Dance","NORMAL","","—","100","20","","Confuses all Pokémon.","—"
"Teleport","PSYCHIC","","—","—","20","","Allows user to flee wild battles; also warps player to last PokéCenter.","—"
"Thunder Wave","ELECTRIC","","—","90","20","TM82","Paralyzes opponent.","—"
"Tickle","NORMAL","","—","100","20","","Lowers opponent's Attack and Defense.","—"
"Topsy-Turvy","DARK","","—","—","20","","Reverses stat changes of opponent.","—"
"Toxic Spikes","POISON","","—","—","20","TM91","Poisons opponents when they switch into battle.","—"
"Toxic Thread","POISON","","—","100","20","","Poisons opponent and lowers its Speed.","100"
"Trailblaze","GRASS","","50","100","20","TM20","Raises user's Speed.","—"
"Trick-or-Treat","GHOST","","—","100","20","","Adds Ghost type to opponent.","—"
"Twineedle","BUG","","25","100","20","","Hits twice in one turn. May poison opponent.","20"
"Twister","DRAGON","","40","100","20","","May cause flinching. Hits Pokémon using Fly/Bounce with double power.","20"
"U-turn","BUG","","70","100","20","TM60","User switches out immediately after attacking.","—"
"Veevee Volley","NORMAL","","—","∞","20","","Power increases when player's bond is stronger.","—"
"Venom Drench","POISON","","—","100","20","","Lowers poisoned opponent's Special Attack and Speed.","100"
"Volt Switch","ELECTRIC","","70","100","20","TM48","User must switch out after attacking.","—"
"Water Pulse","WATER","","60","100","20","TM11","May confuse opponent.","20"
"Water Shuriken","WATER","","15","100","20","","Hits 2-5 times in one turn.","—"
"Whirlwind","NORMAL","","—","—","20","","In battles, the opponent switches. In the wild, the Pokémon runs.","—"
"Wrap","NORMAL","","15","90","20","","Traps opponent, damaging them for 4-5 turns.","100"
"Absorb","GRASS","","20","100","25","","User recovers half the HP inflicted on opponent.","—"
"Air Cutter","FLYING","","60","95","25","TM40","High critical hit ratio.","—"
"Bite","DARK","","60","100","25","","May cause flinching.","30"
"Confusion","PSYCHIC","","50","100","25","","May confuse opponent.","10"
"Covet","NORMAL","","60","100","25","","Opponent's item is stolen by the user.","—"
"Ember","FIRE","","40","100","25","","May burn opponent.","10"
"Fell Stinger","BUG","","50","100","25","","Drastically raises user's Attack if target is KO'd.","—"
"Flame Wheel","FIRE","","60","100","25","","May burn opponent.","10"
"Heart Stamp","PSYCHIC","","60","100","25","","May cause flinching.","30"
"Horn Attack","NORMAL","","65","100","25","","","—"
"Ion Deluge","ELECTRIC","","—","—","25","","Changes Normal-type moves to Electric-type.","—"
"Karate Chop","FIGHTING","","50","100","25","","High critical hit ratio.","—"
"Poison Tail","POISON","","50","100","25","TM26","High critical hit ratio. May poison opponent.","10"
"Powder Snow","ICE","","40","100","25","","May freeze opponent.","10"
"Razor Leaf","GRASS","","55","95","25","","High critical hit ratio.","—"
"Safeguard","NORMAL","","—","—","25","","The user's party is protected from status conditions.","—"
"Steel Wing","STEEL","","70","90","25","","May raise user's Defense.","10"
"Thief","DARK","","60","100","25","TM18","Also steals opponent's held item.","—"
"Vine Whip","GRASS","","45","100","25","","","—"
"Water Gun","WATER","","40","100","25","","","—"
"Acid","POISON","","40","100","30","","May lower opponent's Special Defense.","10"
"Acupressure","NORMAL","","—","—","30","","Sharply raises a random stat.","—"
"Agility","PSYCHIC","","—","—","30","TM04","Sharply raises user's Speed.","—"
"Baby-Doll Eyes","FAIRY","","—","100","30","","Always goes first. Lowers the target's attack.","—"
"Bubble","WATER","","40","100","30","","May lower opponent's Speed.","10"
"Bullet Punch","STEEL","","40","100","30","","User attacks first.","—"
"Bullet Seed","GRASS","","25","100","30","TM56","Hits 2-5 times in one turn.","—"
"Conversion","NORMAL","","—","—","30","","Changes user's type to that of its first move.","—"
"Conversion 2","NORMAL","","—","—","30","","User changes type to become resistant to opponent's last move.","—"
"Cut","NORMAL","","50","95","30","","","—"
"Double Kick","FIGHTING","","30","100","30","","Hits twice in one turn.","—"
"Fairy Wind","FAIRY","","40","100","30","","","—"
"Focus Energy","NORMAL","","—","—","30","","Increases critical hit ratio.","—"
"Glare","NORMAL","","—","100","30","","Paralyzes opponent.","—"
"Happy Hour","NORMAL","","—","—","30","","Doubles prize money from trainer battles.","—"
"Harden","NORMAL","","—","—","30","","Raises user's Defense.","—"
"Haze","ICE","","—","—","30","","Resets all stat changes.","—"
"Ice Shard","ICE","","40","100","30","","User attacks first.","—"
"Icicle Spear","ICE","","25","100","30","","Hits 2-5 times in one turn.","—"
"Laser Focus","NORMAL","","—","—","30","","User's next attack is guaranteed to result in a critical hit.","—"
"Leer","NORMAL","","—","100","30","","Lowers opponent's Defense.","100"
"Lick","GHOST","","30","100","30","","May paralyze opponent.","30"
"Light Screen","PSYCHIC","","—","—","30","TM75","Halves damage from Special attacks for 5 turns.","—"
"Lucky Chant","NORMAL","","—","—","30","","Opponent cannot land critical hits for 5 turns.","—"
"Mach Punch","FIGHTING","","40","100","30","","User attacks first.","—"
"Magnitude","GROUND","","—","100","30","","Hits with random power.","—"
"Mist","ICE","","—","—","30","","User's stats cannot be changed for a period of time.","—"
"Noble Roar","NORMAL","","—","100","30","","Lowers opponent's Attack and Special Attack.","100"
"Quick Attack","NORMAL","","40","100","30","","User attacks first.","—"
"Shadow Sneak","GHOST","","40","100","30","","User attacks first.","—"
"Sharpen","NORMAL","","—","—","30","","Raises user's Attack.","—"
"Stun Spore","GRASS","","—","75","30","","Paralyzes opponent.","—"
"Tail Whip","NORMAL","","—","100","30","","Lowers opponent's Defense.","—"
"Thunder Shock","ELECTRIC","","40","100","30","","May paralyze opponent.","10"
"Vacuum Wave","FIGHTING","","40","100","30","","User attacks first.","—"
"Vise Grip","NORMAL","","55","100","30","","","—"
"Work Up","NORMAL","","—","—","30","","Raises user's Attack and Special Attack.","—"
"Constrict","NORMAL","","10","100","35","","May lower opponent's Speed by one stage.","10"
"Gust","FLYING","","40","100","35","","Hits Pokémon using Fly/Bounce/Sky Drop with double power.","—"
"Metal Claw","STEEL","","50","95","35","TM31","May raise user's Attack.","10"
"Peck","FLYING","","35","100","35","","","—"
"Poison Powder","POISON","","—","75","35","","Poisons opponent.","—"
"Poison Sting","POISON","","15","100","35","","May poison the opponent.","30"
"Pound","NORMAL","","40","100","35","","","—"
"Scratch","NORMAL","","40","100","35","","","—"
"Tackle","NORMAL","","40","100","35","","","—"
"Wing Attack","FLYING","","60","100","35","","","—"
"Baton Pass","NORMAL","","—","—","40","TM132","User switches out and gives stat changes to the incoming Pokémon.","—"
"Branch Poke","GRASS","","40","100","40","","","—"
"Celebrate","NORMAL","","—","—","40","","The Pokémon congratulates you on your special day. No battle effect.","—"
"Corrosive Gas","POISON","","—","100","40","","Removes opponent's items.","—"
"Cotton Spore","GRASS","","—","100","40","","Sharply lowers opponent's Speed.","—"
"Defense Curl","NORMAL","","—","—","40","","Raises user's Defense.","—"
"False Swipe","NORMAL","","40","100","40","TM57","Always leaves opponent with at least 1 HP.","—"
"Foresight","NORMAL","","—","—","40","","Resets opponent's Evasiveness, and allows Normal- and Fighting-type attacks to hit Ghosts.","—"
"Growl","NORMAL","","—","100","40","","Lowers opponent's Attack.","—"
"Hold Back","NORMAL","","40","100","40","","Always leaves opponent with at least 1 HP.","—"
"Hold Hands","NORMAL","","—","—","40","","Makes the user and an ally very happy.","—"
"Howl","NORMAL","","—","—","40","","Raises Attack of allies.","—"
"Leafage","GRASS","","40","100","40","","Strikes opponent with leaves.","—"
"Meditate","PSYCHIC","","—","—","40","","Raises user's Attack.","—"
"Metal Sound","STEEL","","—","85","40","","Sharply lowers opponent's Special Defense.","—"
"Miracle Eye","PSYCHIC","","—","—","40","","Resets opponent's Evasiveness, removes Dark's Psychic immunity.","—"
"Odor Sleuth","NORMAL","","—","—","40","","Resets opponent's Evasiveness, and allows Normal- and Fighting-type attacks to hit Ghosts.","—"
"Poison Gas","POISON","","—","90","40","","Poisons opponent.","—"
"Rapid Spin","NORMAL","","50","100","40","","Raises user's Speed and removes entry hazards and trap move effects.","100"
"Screech","NORMAL","","—","85","40","","Sharply lowers opponent's Defense.","—"
"Splash","NORMAL","","—","—","40","","Doesn't do ANYTHING.","—"
"String Shot","BUG","","—","95","40","","Sharply lowers opponent's Speed.","—"
"Withdraw","WATER","","—","—","40","","Raises user's Defense.","—"
"Max Airstream","FLYING","—","—","—","—","","Flying type Dynamax move. Raises the team's Speed.","100"
"Max Darkness","DARK","—","—","—","—","","Dark type Dynamax move. Lowers the target's Special Defense.","100"
"Max Flare","FIRE","—","—","—","—","","Fire type Dynamax move. Summons harsh sunlight.","—"
"Max Flutterby","BUG","—","—","—","—","","Bug type Dynamax move. Lowers the target's Special Attack.","100"
"Max Geyser","WATER","—","—","—","—","","Water type Dynamax move. Summons heavy rain.","—"
"Max Guard","NORMAL","—","—","—","—","","Status category Dynamax move. Protects the user.","—"
"Max Hailstorm","ICE","—","—","—","—","","Ice type Dynamax move. Summons hail.","—"
"Max Knuckle","FIGHTING","—","—","—","—","","Fighting type Dynamax move. Increases the team's Attack.","100"
"Max Lightning","ELECTRIC","—","—","—","—","","Electric type Dynamax move. Summons Electric Terrain.","—"
"Max Mindstorm","PSYCHIC","—","—","—","—","","Psychic type Dynamax move. Summons Psychic Terrain.","—"
"Max Ooze","POISON","—","—","—","—","","Poison type Dynamax move. Increases the team's Special Attack.","100"
"Max Overgrowth","GRASS","—","—","—","—","","Grass type Dynamax move. Summons Grassy Terrain.","—"
"Max Phantasm","GHOST","—","—","—","—","","Ghost type Dynamax move. Lowers the target's Defense.","100"
"Max Quake","GROUND","—","—","—","—","","Ground type Dynamax move. Increases the team's Special Defense.","100"
"Max Rockfall","ROCK","—","—","—","—","","Rock type Dynamax move. Summons a sandstorm.","—"
"Max Starfall","FAIRY","—","—","—","—","","Fairy type Dynamax move. Summons Misty Terrain.","—"
"Max Steelspike","STEEL","—","—","—","—","","Steel type Dynamax move. Raises the team's Defense.","100"
"Max Strike","NORMAL","—","—","—","—","","Normal type Dynamax move. Lowers the target's Speed.","100"
"Max Wyrmwind","DRAGON","—","—","—","—","","Dragon type Dynamax move. Lowers the target's Attack.","100"
"Struggle","NORMAL","","50","—","—","","Only usable when all PP are gone. Hurts the user.","—"
